{"x":2.796444892883301,"y":-0.2999996244907379,"z":-0.6067447662353516,"xr":-0.346490740776062,"yr":0.001468786271288991,"zr":-0.6163963675498962,"r":106,"g":111,"b":189}